Serial Number,List Year,Date Recorded,Town,Address,Assessed Value,Sale Amount,Sales Ratio,Property Type,Residential Type,Non Use Code,Assessor Remarks,OPM remarks,Location
220008,2022,01/30/2023,Andover,618 ROUTE 6,139020.00,232000.00,0.5992,Residential,Single Family,,,,POINT (-72.343628962 41.728431984)
2020348,2020,09/13/2021,Ansonia,230 WAKELEE AVE,150500.00,325000.00,0.463,Commercial,,,,,
20002,2020,10/02/2020,Ashford,390 TURNPIKE RD,253000.00,430000.00,0.5883,Residential,Single Family,,,,
210317,2021,07/05/2022,Avon,53 COTSWOLD WAY,329730.00,805000.00,0.4096,Residential,Single Family,,,,POINT (-72.846365959 41.781677018)
200212,2020,03/09/2021,Avon,5 CHESTNUT DRIVE,130400.00,179900.00,0.7248,Residential,Condo,,,,
200243,2020,04/13/2021,Avon,111 NORTHINGTON DRIVE,619290.00,890000.00,0.6958,Residential,Single Family,,,,
200377,2020,07/02/2021,Avon,70 FAR HILLS DRIVE,862330.00,1447500.00,0.5957,Residential,Single Family,,,,
22043,2022,03/15/2023,Beacon Falls,41 EDGEWOOD DRIVE,164170.00,285000.00,0.5760,Residential,Single Family,,,,POINT (-73.053071989 41.439434021)
200109,2020,12/09/2020,Avon,57 FAR HILLS DRIVE,847520.00,1250000.00,0.678,Residential,Single Family,,,,
2020180,2020,03/01/2021,Berlin,1539 FARMINGTON AVE,234200.00,130000.00,1.8015,Residential,Two Family,08 - Part Interest,,,
2020313,2020,07/01/2021,Berlin,216 WATCH HILL RD,412000.00,677500.00,0.6081,Residential,Single Family,,,,
220440,2022,02/16/2023,Branford,69 MONTOYA,84300.00,195000.00,0.4323,Residential,Condo,,,,POINT (-72.828043035 41.282226984)
200097,2020,06/04/2021,Bethany,23 AMITY RD,511000.00,795000.00,0.6427,Commercial,,,,,
210045,2021,04/29/2022,Bethlehem,89 LONG MEADOW RD,229900.00,561850.00,0.4091,Residential,Single Family,,,,POINT (-73.21257902 41.666959986)
210101,2021,12/20/2021,Bloomfield,43 LEDYARD AVE,111580.00,209000.00,0.5338,Residential,Single Family,,,,POINT (-72.690802027 41.821341986)
20139,2020,12/16/2020,Bethel,16 DEEPWOOD DRIVE,171360.00,335000.00,0.5115,Residential,Single Family,,,,
200086,2020,08/10/2021,Bethlehem,39 WOODLAND RD,168900.00,352000.00,0.4798,Residential,Single Family,,,,POINT (-73.18197 41.64672)
2000381,2020,09/13/2021,Bloomfield,9 SADDLE RIDGE,163730.00,250000.00,0.6549,Residential,Condo,,,,
200258,2020,01/22/2021,Branford,34 SUNRISE COVE CAMP,530500.00,700000.00,0.7578,Residential,Single Family,,WATERFRONT/COTTAGE ONLY/LAND IS ASSOCIATION OWNED,,
210035,2021,10/20/2021,Branford,25 QUARRY DOCK RD,208100.00,448000.00,0.4645,Residential,Condo,,,,POINT (-72.815906039 41.268214998)
210748,2021,01/14/2022,Bridgeport,360 VINCELLETTE ST,160776.00,315000.00,0.5104,Residential,Single Family,,,,POINT (-73.219385964 41.215379001)
200804,2020,09/28/2021,Branford,119 MONTOWESE ST,455100.00,650000.00,0.7001,Commercial,,,,,
201295,2020,09/09/2021,Bristol,609 CAMP ST,144340.00,249900.00,0.5775,Residential,Single Family,,,,
200032,2020,10/08/2020,Bristol,9 LESLIE COURT,94920.00,155000.00,0.6123,Residential,Single Family,,,,
211762,2021,06/21/2022,Bridgeport,38 RIVERVIEW DR,86990.00,247000.00,0.3521,Residential,Condo,,,,POINT (-73.223086993 41.213277993)
200354,2020,12/29/2020,Bristol,391 TIFFANY LA,173740.00,299000.00,0.581,Residential,Single Family,,,,
200527,2020,03/01/2021,Bristol,25 WARD ST,85680.00,183000.00,0.4681,Residential,Two Family,,,,
211997,2021,08/02/2022,Bridgeport,1963 MAIN ST,257910.00,500000.00,0.5158,Commercial,,,,,POINT (-73.196744012 41.189862979)
22000107,2022,12/22/2022,Cheshire,30 CURRIER PL,129150.00,265000.00,0.4873,Residential,Condo,,,,POINT (-72.92666501 41.53260998)
201212,2020,08/23/2021,Bristol,8 JENNINGS TERR,88060.00,91000.00,0.9676,Residential,Single Family,14 - Foreclosure,FORECLOSURE SALE OUT OF BANK,,
20000050,2020,11/05/2020,Brookfield,4 CHELSEA CT,105110.00,160000.00,0.6569375,Residential,Condo,,,,
20000179,2020,02/22/2021,Brookfield,72 HOMESTEAD LN,94770.00,170000.00,0.5574,Residential,Condo,,,,
210530,2021,02/09/2022,Bristol,68 JUDSON AVENUE,76580.00,190000.00,0.403,Residential,Single Family,,,,POINT (-72.954410032 41.664379994)
200042,2020,05/19/2021,Canaan,93 MAIN ST,355800.00,599000.00,0.5939,Residential,Two Family,,,,
200117,2020,04/12/2021,Canton,52 COUNTRY LANE,160850.00,280000.00,0.5744,Residential,Single Family,,,,
220029,2022,04/20/2023,Cornwall,DAY RD,153100.00,190000.00,0.8057,Vacant Land,,,,,POINT (-73.35203565 41.782837297)
2000230,2020,03/16/2021,Cheshire,50 ABBEY CT,210940.00,365000.00,0.5779,Residential,Single Family,,,,
220054,2022,12/13/2022,Coventry,166 CEDAR SWAMP RD,114500.00,255000.00,0.4490,Residential,Single Family,,,,POINT (-72.413489023 41.80168701)
2000330,2020,05/20/2021,Cheshire,844 HIGHLAND AVE,144220.00,204000.00,0.7069,Residential,Single Family,25 - Other,DEFERRED MAINTENANCE,,
200078,2020,09/20/2021,Chester,6 SUNSET AVE,250100.00,418800.00,0.5971,Residential,Single Family,,,,
200268,2020,07/09/2021,Colchester,347 CABIN RD,104000.00,350000.00,0.2971,Vacant Land,,,,,
200035,2020,10/29/2020,Colchester,160 SHADBUSH DR,223900.00,392000.00,0.5711,Residential,Single Family,,,,
200024,2020,11/09/2020,Columbia,WEBSTER LANE,60300.00,75000.00,0.804,Vacant Land,,,,,
200074,2020,09/01/2021,Cornwall,131 KENT RD,246100.00,385000.00,0.6392,Commercial,,,,,
200101,2020,01/07/2021,Coventry,74 LAKEVIEW DR,142800.00,245000.00,0.5828,Residential,Single Family,,,,
200282,2020,07/15/2021,Coventry,1467 SOUTH ST,359800.00,480000.00,0.7495,Commercial,,,,,
21055,2021,05/05/2022,Canterbury,159 BARSTOW RD,35700.00,70000.00,0.51,Vacant Land,,,,,POINT (-72.004670737 41.71535266)
200039,2020,11/06/2020,Coventry,2075 MAIN ST,43700.00,25000.00,1.748,Vacant Land,,,,,
201328,2020,08/06/2021,Cromwell,6 BELHAVEN,410670.00,740000.00,0.5549,Residential,Condo,,,,
200077,2020,12/08/2020,Cromwell,60 NORTH RD,174650.00,259000.00,0.6743,Vacant Land,,,,,
200195,2020,04/26/2021,Cromwell,34 SHUNPIKE ROAD,3360000.00,5214750.00,0.6443,Commercial,,,,,
200742,2020,03/29/2021,Danbury,17 OHEHYAHTAH PL,339100.00,550000.00,0.6165,Residential,Single Family,,H16095,,
200886,2020,05/03/2021,Danbury,86 MERRIMAC ST B,189800.00,240000.00,0.7908,Residential,Condo,,G16159-2,,
200938,2020,05/13/2021,Danbury,15-17 BOUGHTON ST #1-5,118900.00,230000.00,0.5169,Residential,Condo,,I14129-5,,
201018,2020,06/03/2021,Danbury,55 FOREST AV,136900.00,150000.00,0.9126,Residential,Single Family,01 - Family,FAMILY TRANSFER / I11200,,
220261,2022,07/13/2023,East Lyme,2 PEACH LN,465500.00,827000.00,0.5628,Residential,Single Family,,,,POINT (-72.243243015 41.370139989)
201186,2020,07/12/2021,Danbury,28 MAIN ST,695500.00,3200000.00,0.21734375,Commercial,,,I15336,GAS STATION,
220058,2022,11/10/2022,East Lyme,338 MAIN ST,293580.00,770000.00,0.3812,Commercial,,,,,POINT (-72.254007024 41.309879452)
201443,2020,09/01/2021,Danbury,4 COOPER RD,158700.00,325000.00,0.4883,Residential,Single Family,,C05026,,
201580,2020,09/27/2021,Danbury,25 CROWN ST,192300.00,525000.00,0.366285714,Residential,Two Family,,J12167,GOOD SALE PER MLS,
200408,2020,12/24/2020,Danbury,15 SCUPPO RD 1503,130800.00,260000.00,0.503,Residential,Condo,,F14068-1503,,
20129,2020,03/30/2021,Derby,196 ELIZABETH ST,351260.00,873000.00,0.4023,Commercial,,,,,
20013,2020,12/16/2020,Eastford,GENERAL LYON RD,2200.00,20000.00,0.11,Vacant Land,,12 - Non Buildable Lot,UNBLDBL,,
200215,2020,06/04/2021,East Haddam,SHANAGHAN RD,51690.00,65000.00,0.7952,Vacant Land,,,,,
210098,2021,10/20/2021,Danbury,19 GLEN RD,202500.00,460000.00,0.4402,Residential,Single Family,,K09024,,POINT (-73.433336976 41.41978399)
220213,2022,01/03/2023,Greenwich,20 CHURCH STREET #A24,488530.00,775000.00,0.6303,Residential,Condo,,,,POINT (-73.626474968 41.032925002)
200242,2020,01/27/2021,East Haven,130 COE AVE #51,28240.00,73000.00,0.386849315,Residential,Condo,,,GOOD SALE PER MLS,
10095,2001,11/16/2001,Farmington,5 SPARROW LN,67670.00,302866.00,0.223432145,,,7,,,
200375,2020,04/06/2021,East Haven,55 THOMPSON ST #5A,76960.00,140000.00,0.5497,Residential,Condo,,,,
11238,2001,08/30/2002,Bethel,50 FOURTH ST,76450.00,50000.00,1.529,,,8,,,
10035,2001,06/28/2002,Chaplin,FEDERAL RD,19000.00,35000.00,0.542857143,,,,,,
10115,2001,02/01/2002,Clinton,42 PRATT RD,121900.00,230000.00,0.53,,,,,,
200194,2020,02/05/2021,East Lyme,5 ROCCO DR,170660.00,220000.00,0.7757,Vacant Land,,,,,POINT (-72.22025 41.3942)
200236,2020,03/18/2021,East Lyme,8 N EDGEWOOD RD,238140.00,421000.00,0.5656,Residential,Single Family,,,,
200320,2020,05/10/2021,East Lyme,9 FREEDOM WAY,776230.00,1525000.00,0.509,Commercial,,,,,POINT (-72.24486 41.32183)
210176,2021,04/19/2022,East Hampton,10 LOWELL RD,153570.00,270000.00,0.5687,Residential,Single Family,,,,POINT (-72.490998997 41.594506983)
200499,2020,09/10/2021,East Lyme,27 SEA CREST AVE,233660.00,517000.00,0.4519,Residential,Single Family,,,,
200510,2020,09/15/2021,East Lyme,3 CARLISE LN,212100.00,390500.00,0.5431,Residential,Condo,,,,
200109,2020,03/30/2021,Easton,50 RIVERSIDE LANE,165400.00,300000.00,0.5513,Vacant Land,,,,,
200305,2020,01/26/2021,Enfield,15 SALERNO DR,233660.00,410000.00,0.5699,Residential,Single Family,,,,
10041,2001,07/17/2002,Eastford,WESTFORD RD,180.00,5000.00,0.036,,,28,,,
210278,2021,08/18/2022,Ellington,1 ABBOTT RD 131,79390.00,170000.00,0.467,Residential,Condo,,,,POINT (-72.496333994 41.871967005)
10115,2001,12/11/2001,Bethlehem,KASSON RD,39060.00,105000.00,0.372,,,,,,
10452,2001,12/14/2001,Danbury,DIVISION ST,140700.00,300000.00,0.469,,,,,,
200537,2020,05/21/2021,Enfield,104 BREWSTER RD,117380.00,245000.00,0.4791,Residential,Single Family,,,,
200652,2020,06/29/2021,Enfield,12 KELLY DR,203470.00,360000.00,0.5651,Residential,Single Family,,,,
200700,2020,07/13/2021,Enfield,8 SHANNON DR,161590.00,310000.00,0.5212,Residential,Single Family,,,,
221007,2022,09/25/2023,Hamden,117 CUMPSTONE DR,144620.00,365000.00,0.3962,Residential,Single Family,,,,POINT (-72.906959994 41.401053998)
200226,2020,12/18/2020,Enfield,106 RAFFIA RD,145570.00,240000.00,0.6065,Residential,Single Family,,,,
210721,2021,05/26/2022,Fairfield,59 GRACE STREET,235970.00,350000.00,0.6742,Residential,Single Family,,,,POINT (-73.231428998 41.172704008)
200125,2020,03/31/2021,Essex,35 DEER LA,220500.00,425000.00,0.5188,Residential,Single Family,,,,
210771,2021,06/08/2022,Fairfield,33 REEF COURT,370160.00,625000.00,0.5922,Residential,Single Family,,,,POINT (-73.252361041 41.134042983)
200140,2020,04/28/2021,Essex,14 ESSEX GLEN DR #12,335800.00,520000.00,0.6457,Residential,Condo,,,,
210800,2021,06/17/2022,Fairfield,1991 POST ROAD,833000.00,1400000.00,0.595,Commercial,,,,,POINT (-73.266760983 41.140355981)
220715,2022,06/15/2023,Hartford,106 MOUNTAIN ST,65195.00,200000.00,0.3259,Residential,Single Family,10 - A Will,,,POINT (-72.702083985 41.730192016)
200055,2020,11/19/2020,Essex,HILLSIDE DR,5600.00,5000.00,1.12,Vacant Land,,12 - Non Buildable Lot,EXCESS LAND,,
11665,2001,07/30/2002,Danbury,3 MORGAN AVE,94600.00,175000.00,0.540571429,,,,,,
20054,2020,10/27/2020,Farmington,8193 ELY RD,167190.00,225000.00,0.743,Vacant Land,,,,,
200151,2020,12/14/2020,Farmington,15 MALS WAY,356410.00,550000.00,0.648,Residential,Single Family,,,,
